id	text	count
16983240174	肯德基 年度 推广 电影 	5625
15587026164	肤色 阶层 性格 性取向 天差地远 两个 男人 音乐 结缘 公路 旅行 成为 一生 朋友 有时候 才华 不够 需要 勇敢 推倒 心中 面墙 开门见山 电影 一颗 绿色 小石子 投入 黑白分明 美国 社会 激起 轻小而 美丽 涟漪 刻意 营造 温暖 感 愿意 买单 	1885
16265742074	世界 孤独 人 害怕 迈出 第一步 可爱 精致 友情 小品 美国版 触 不可 谢谢 丈夫 分享 	1760
16167781705	印象 最深 片段 南部 乡间 小 路上 抛锚 田里 劳作 黑奴 对视 一幕 无声 却 发出 巨响 	2996
16167799705	南部 黑奴 	2996
14658462505	今年 看过 最 有意思 一部 电影 节奏 欢快 情节 有趣 不失 深度 	2362
16888462505 高等教育 黑人 音乐家 碰撞 令人 惊喜 火花 	2362
16888434305 二人 纽约 一路 南巡 演 越向南 种族歧视 越来越 严重 导演 一种 巧妙 角度 观众 展示 当时 不公 音乐家 内心 纠葛 重要 场合 表演 最 尽兴 一次 却是 圣诞 前夕 一个 黑人 小 酒吧 最终 选择 发声 歧视 屈服 结局 温馨 感人 着实 一部 好 电影 	2362
14445955825	說 片子 里 某個 根本 不會 人 注意 佈 景里 某塊 石頭 或許 撿 說 拍 攝 時候 一直 留心 撿 很漂亮 石頭 撿 給導演 說 這塊 石頭 放在 背景 里會 好看 說 電影里 部分 增肥 二三十斤 從來 沒見過 那麼 肚腩 現在 似乎 已經 減回 來 今天 表演 時 大部分 時間 忘 那樣 一個 沒 文化 油滑 滿嘴 跑 火車 司機 僅僅 偶爾 偶爾有 幾個 說 話 只 抽煙 鏡頭 鼻孔 一噴白霧 那麼 一瞥 卻還 像是 十幾 年前 東方 承諾 里 那個 冷酷 無情 殺手 今天 導演 說 這麼 多年 還是 一直 一直 沒變 	1387
16275612214	这部 电影 厉害 处 剧本 扎实 人物 塑造 细节 出彩 这趟 一路 南 旅程 最后 证明 白人 心中 地位 身陷 孤独 境地 没人 帮得 和解 完成 一场 自我 救赎 刻意 说教 讲 每个 人 看到 时代 群体 遭遇 黑人 白人 简单 这部 电影 主题 片中 那句 点睛 台词 所说 天才 不够 唯有 勇气 改变 人心 一部 勇气 改变 电影 套路 化 公路 片 拍 却是 异常 温暖 剧本 加 分 应该 今年 奥斯卡 最佳 原创 剧本 	1035
14679676245	今年 看过 最好 剧情片 剧本 扎实 细节 充实 表演 到位 主角 角色 互换 特定 时代 地域 里 散发出 更强 乐趣 	3288
16918609694	赶走 偏见 鸣枪 赢得 尊重 拳头 甘愿 罢演 霸凌 侮辱 考验 耻辱 南方 劳作 黑奴 看到 路边 衣冠楚楚 如同 一个 预言 一家 上流 餐厅 一间 宽敞 厕所 一个 高档 试衣间 没能 容纳 下 东西 却 装进 一方 绿色 车厢 勇敢 上路 	1925
16393201524	四平八稳 片子 精致 套路 一路 想到 通俗 剧情 起伏 主要 演员 明 知道 屡试不爽 美式 套路 微微 感动 也许 好莱坞 厉害 地方 	1739
16593984674	完成度 高 公路 喜剧片 亮点 在于 人物 塑造 完整 细节 使用 精彩 剧作 表演 堪称 杰出 创造 灵感 来自 真人真事 表达 主题 做 艺术 虚构 夸张 听说 真人 后代 对此 意见 争论 艺术作品 历史 以为 无可厚非 	1551
16942434683	不够 黑人 不够 白人 不够 男人 请 告诉 托尼 算是 人 恭喜 最 政治 正确 人 	1924
16312390175	肤色 对调 版 触不可及 一场 跨越 美国 公路 之旅 一场 跨越 种族 肤色 身份 阶层 人性 之旅 所有 下属 唐 毕恭毕敬 唯有 托尼 普通人 对待 吃 炸鸡 说出 真实 想法 当成 黑人 真正 歧视 表现 	1837
16342390175 唐 受到 外人 歧视 侮辱 始终 忍气吞声 低声下气 听 演奏 观众 餐厅 吃饭 表演者 却 正是 托尼 教会 反击 教会 发声 捍卫 权利 尊严 所谓 高级 尊贵 场所 受到 平等待遇 低端 卑微 黑人 酒吧 获得 尊重 支持 实在 太 讽刺 天才 	1837
16342390345 唯有 勇气 改变 人心 考虑 感受 照顾 情绪 忍一时 得寸进尺 退一步 变本加厉 暴力 赢得 懦弱 永远都是 输家 正面 对抗 生活 恶意 战胜 恶意 	1837
14666969315	基层 白人 司机 护送 著名 黑人 钢琴家 美国 南部 巡回演出 故事 	2242
14667969315 两位 角色 社会 阶级 教育 程度 差异 电影 笑料 百出 肤色 对比 却 十分 讽刺 电影 充满 种族 平权 抗争 泪点 两位 演员 默契 火花 十足 一个 十分 温暖 人心 故事 影片 结束 之后 响起 经久不息 掌声 边笑 边流 眼泪 鼓掌 到手 疼 	2242
15405704315	公路 旅程 触及 深刻 东西 却 展示 许多 身份 每个 人 无法 避开 相互理解 自然 描写 不太像 真实 人物 角色 第一 反应 化解 掩藏 感受 知道 故事 片名 说 绿皮书 喜欢 这部 影片 	2365
16170053135	剧作 点 妻子 接电话 电话 内容 全部 隐掉 呈现 妻子 表演 描写 夫妻间 感情 点 分钟 出现 核心 道具 绿皮书 点 公路 片 类型 点 分钟 音乐 镜头 欢笑 人们 摇 孤寂 一人 点 多来 一条 书信 线 一条 情感 变化 线 点 分钟 小人物 反击 点 分钟 黑人 扳回 一局 点 分钟 意大利人 解决问题 独特 方式 点 分钟 敞开 心扉 点 黑人 白人 平等 点 一起 写信 推进 故事 情感 段落 可视化 写信 点 重音 黑人 拒 点 分钟 二人 出现 矛盾 点 分钟 雨中 吐露 真心 点 分钟 黑人 白人 差异 上升 兄弟 情来 化解 点 黑人 白人 开车 反转 	1149
16145473335	维果 莫滕森 人 设太讨 喜 爱 吃 人 品格 太 差 更大 惊喜 马赫 沙拉 阿里 既要 演得 黑不白 还要 总有 孤独 灵魂 迈出 第一步 温暖 圣诞 颂歌 	1063
16518738345	记住 想 讲 很大 东西 很小 事情 扎实 剧作 闪光 人物 充满 化学反应 搭配 观影 过程 中 大笑 无数次 一再 倒回去 品味 小小的 瞬间 一个 眼神 一个 撇嘴 里 戏 阿里 维果 叔 最好 最好 最好 一卦 演员 天才 不够 需要 勇气 讲个 种族歧视 政治 正确 主题 停留 俗套 模板 里 细微 角度 升华 东西 	321
16851661264	属于 那种 轻松 好看 电影 故事 比较简单 感人 整体 公路 片 方式 旅途 两个 肤色 阶层 文化背景 人 联系 一起 固有 印象 逐渐 和解 愿意 相信 故事 是因为 希望 人 人 之间 真的 保有 起码 善良 理解 平等 种 美好愿望 包括 为黛西 小姐 开车 触 不可 片子 	407
14698620355	放在 一辆车 里 一场 六个 星期 公路 旅行 有戏 这位 谢 耳朵 黑人 学霸 音乐家 前往 尚未 平权 美国 南部 	160
16236355594	表演 加 分 一直 注意 大胃 王是 出演 编剧 扣分 一个 喜剧 编剧 弱化 年代 南方 对待 黑人 残酷 黑暗面 整个 故事 有惊无险 故事 进行 一半 架子 完全 搭 好 之后 后面 剧情 预测 请 肯尼迪 出马 桥段 猜中 缺乏 张力 冲突 添加 笑料 无法 缓解 底层 黑人 种植园 干活 一段 太 刻意 画风 加 配乐 突变 整体 风格 搭 经济学 人 本片 形容 同意 片子 叙事 手法 营造 怀旧 方面 太 取悦 观众 不宜 讨好 	217
15529425012	表面 种族 平权 内核 白人 救赎 	1674
16025000874	塑造 男主角 形象 每个 例子 精妙 每个 拳头 每块 炸鸡 每个 妻子 交往 瞬间 派上用场 办法 超出 常规 套路 桥段 展示 万能 相比之下 黑人 男二 试图 建立 复杂性 不算 完全 成功 就让 片子 层次 止步 美国 电影 里 意大利人 是不是 相当于 中国 正剧 里 东北 人 主要 贡献 凶悍 幽默 底层 虎 口音 人物形象 	200
15209343725	现如今 种族 关系 压力 美国 太 需要 一个 故事 可歌 可颂 导演 细致入微 研究 历史 故事 之后 进行 取舍 消化 最后 稳扎稳打 电影 语言 动人 故事 讲 观众们 听 说 导演 之前 做 喜剧片 经验 这部 拍 沉重 电影 放射出 生动 光芒 里头 高手 服装设计 音乐 设计 厉害 儿子 参与 电影 熠熠生辉 导演 课上 提前 放映 说 学期 这课 上学 东西 启发 	136
15445966682	感觉 假 绿皮书 五星 好评 叔 很棒 剧本 烂俗 至极 有如 种族歧视 老套 剧情 一个 接 一个 黑人 坐车 后 一定 南方 警察 拦下 还要 加个 北方 警察 送温暖 对比 衬托 真是 恶心 死 最后 结局 白人 消除 种族歧视 良好 自我感觉 中 结束 	1138
16981588132	部 黑人 平权 电影 感觉 编剧 黑人 查 一下 高高在上 姿态 告诉 黑人 赐予 平等 人 情感 融入 真正 受过 歧视 人 歧视 刻画 浅薄 餐厅 吃饭 酒吧 喝酒 夜晚 开车 抓 歧视 流 表面 可惜 受过 歧视 伤害 人 明白 电影 完整 工整 主题鲜明 仅此而已 一部 温度 力量 影片 	236
16363847704	笑声 不断 美式 煽情 白人 自我 救赎 瑕不掩瑜 无法 忽视 剧本 巧妙 总体 完成度 不错 第二个 警察 圣诞夜 桥段 翻 几个 白眼 	1120
15535558955	角色 诠释 讨喜 幽默 风趣 粗俗 却 带有 真情实感 意大利 裔 工人阶级 形象 角色 诠释 谨慎 悲观 却 优雅 文明 受过 高等教育 天赋 异常 非裔 艺术家 形象 两个 截然不同 角色 一段 旅途 中 种族 价值观 冲突 中 取得 相互 谅解 建立 互助 朋友 关系 两个 角色 身份 反差 深 南部 州 设定 里 得到 微妙 具有 对比性 挖掘 这部 有着 优秀 表演 公路 电影 有着 中规中矩 叙事 摄影 影片 一个 野心 层面 题材 诠释 已经 足够 优秀 这是 一部 有着 良好 用心 过度 剥削 题材 价值 暖 人 心肠 公路 电影 	100
16924331645	好久 看到 舒服 片子 内核 老生常谈 既定 套路 下 能够 细腻 自然 多方位 呈现 却是 相当 不错 两位 演员 真不错 	91
16341690425	二流 电影 写 故事 一流 电影 写 人物 种种 严肃 问题 最后 归于 两个 有趣 立体 人物 妙 两个 源于 真实 人物 天然 承载 探讨 话题 意义 可惜 国内 版 删减 一点点 一点点 影片 想要 表达 内容 意义 影响 	81
1627319284-	鄙俗 粗蛮 小可爱 就要 撬开 森严 优雅 防备 世界 	2662
16168572755	四平八稳 故事 商业 公路 喜剧 同类 影片 相比 胜 矫情 圣母 政治 正确 一套 说完 还要 告诉 黑人 酒吧 小混混 白人 警察 热心肠 总结 拒绝 歧视 偏见 矫枉过正 	77
16407132135	想到 影片 出自 曾经 拿过 金酸莓 奖 导演 之手 一场 戏 戏 人物 丰满 对白 妙趣横生 主角 推动 故事 事件 推动 人物 不够 需要 足够 勇气 电影 时 旁边 坐 一对 黑白 夫妻 两人 笑 笑 最后 哭 稀里哗啦 	57
16599819285	取材 妙 人物 黑人 皮 人心 不够 黑 不够 不够 孤独 坚定 虽是 白人 骨子里 却 一种 市井 圆滑 剧本 巧妙 巧妙 两方 脱离 原本 族系 身份 地位 对调 一路上 放置 最 种族歧视 南方 制造 戏剧 冲突 精巧 十分 学院派 作品 美籍 华裔 应该 最能 理解 这片 黄人皮 人心 不够 黄 不够 不够 自信 	79
16282057874	终于 阿里 性感 	112
16256615234	真好 哭 通常 种族歧视 电影 局限 历史 事件 纵向 回溯 事迹 横向 展示 指向 一个 人生 孤独 暗 时刻 黑人 白人 富人 穷人 身份 置换 已 僵化 主题 呈现出 张弛 有度 戏剧 感 何种 肤色 何种 性取向 何种 阶级 孤独 每个 人 需要 毕生 攻克 难题 今年 颁奖 季至 目前 唯一 满意 作品 希望 荣誉 属于 	92
16976577472	是不是 最佳影片 知道 鐵定 第一 個 拿下 奧斯卡獎 肯德基 廣告 	154
16662741145	中国 大陆 美的 新 移民 美国 政治 谱系 属于 右派 特别 理解 所谓 左 一直 猜想 一个 心理 层面 原因 特别 厌恶 父辈 虚伪 做派 傲慢 腔调 一如 厌恶 文革 中 成长 父辈 专横 戾 气 这部 电影 印证 猜想 世界 总会 相互了解 中 变得 更好 想象 中 更慢 	52
15045773764	电影 即时性 愉悦 全场 欢声笑语 遮掩 太 问题 像是 开 万象 城 绿皮书 精准 陈旧 配方 做 凝炼 再 包装 一流 表演 情节剧 创作 探讨 些 营养 油腻 东西 停步 黑人 题材 初级阶段 模型 也许 那种 爱 吃 观众 不腻 再 吃 一桶 上次 银幕 看到 这种 层级 表演 好几个 月 之前 	58
16262035345	太棒了 路数 想到 歧视 尊重 拥抱 片子 这种 简单 框架 里 讲 一出 抓人 故事 从头到尾 一气呵成 过程 里 酸楚 爱 欢乐 结尾 温馨 善意 完会 感觉 真是 好 故事 好 表演 好 讲述 	29
16322528114	片尾 字幕 发现 编剧 制片 正是 那位 白人 司机 主角 原型 儿子 剧本 确实 精巧 小 细节 呼应 凸显 两个 主角 个性 心态 变化 总 觉得 太熟 缺乏 一点 人 意外 反思 余味 类似 片子 触 不可 乌龙 双雄 黑白 配对 个性 阶层 反差 强烈 但论 思考 似 进 一层 两位 主角 尤其 莫腾森 演技 可加分 完 意识 市场 赚钱 职业 伦理 契约 精神 三者 对抗 歧视 偏见 重要 因素 背后 政治化 工具理性 正是 纽约 都市 商业 环境 教给 这位 白人 混混 	48
16892021285	法拉利 兄弟 现在 电影 拍 成 算是 洗尽铅华 最 拿手 片中 轻松 简单 两个 性格 截然不同 伙伴 一路上 摸爬滚打 回家 一直 片尾 找到 儿时 九十年代 好莱坞 合家欢 电影 时 感到 暖融融 一个 迎合 时代 黑权 主题 摆在 想要 讲 讲 能够 一望 可知 细部 处理 尤其 对话 情节 呼应 简洁 精湛 戏剧 冲突 态度 不好 引发 不好 写 不好 演 剧本 表演 出色 电影 语言 敏锐 把握 最 喜欢 地方 话 过分 拿腔拿调 话 粗俗 话 礼貌 话 表达 善意 再 故事 里 书写能力 语言 礼仪 强调 影片 具备 一种 精准 智性 所有 严肃 议题 全 微微 喜剧效果 一带而过 不公 呐喊 处理 十分 宽广 爱 这部 影片 爱 法拉利 露出 笨拙 达到 真挚 	29
16858929933	编剧 指南 手册 写 剧本 套路 套路 配方 配方 莫滕森演 好 意大利人 	194
17168679424	角度 种族 题材 皮 身份 认同 探讨 却是 瓤 身份 认同 一种 内化 深层 种族 疑惑 这种 疑惑 分担 司机 身上 白人 司机 移民 来自 意大利 黑人 成为 一种 怪异 镜像 爱 吃 黑人 食物 电台 中 所有 黑人 歌手 流派 如数家珍 音乐家 家人 环境 要求 努力 成为 一个 内在 白人 外力 篡改 司机 却是 随性 自我 有人 粗俗 变得 文明 有人 文明 桎梏 中 解脱 重获 自由 原本 主仆 变成 师生 矫正 意外 降临 润物无声 解放 	38
16745081914	喜欢 第一个 意大利 佬 麦克 柯 里昂 第二个 意大利 佬 乔伊 第三个 意大利 佬 托尼 	40
16044723733	看到 女主 想当年 广告 狂人 看到 男二 想当年 纸牌 屋 看到 男主 阿拉贡 	193
16918582134	太 政治 正确 求求 白人 别拍 这种 电影 整个 剧本 黑人 低人一等 写 看不到 口号 之外 平等 理解 稍微 思考 一下 男主 全片 立场 行为 漏洞 无处不在 年活 白人 救世主 神奇 黑鬼 范本 双男主 真的 火花 不忍心 讨厌 	37
17002642834	李勃 拉齐 翻译成 自由女神 令人 不爽 自由女神 弹琴 真 娘 智障 	30
16458029034	必要 勇敢 走出 舒适 区 	36
14886851195	好 却 不够 好 四星 却 美国 好莱坞 剧情片 应有 样子 故事 推进 稳 有意思 知道 是从 喜欢 主角 段 友情 亲密 温情 像是 一种 	45
16015472343	为黛西 小姐 开车 精气神 意大利 口音 	94
16352330243	剧作 圆满 两个 角色 特殊 时代 下 身份 错位 帮助 对方 发现自己 完成度 高 一个 白人 视角 下 黑人 平权 故事 一个 黑人 需要 白人 来教 了解 黑人 音乐 想想 不太可能 完成 剧作 差异化 唐 谢利 塑造成 一个 呆板 怪人 法雷利 导演 只 听取 白人 后代 尼克 维勒 欧嘉 讲述 贸然 拍摄 一点 想 过去 了解 唐 谢利 一边 故事 这是 何等 傲慢 	89
16483264135	最 喜欢 维叔 妻子 写信 那句话 有时候 想起 一栋 房子 一个 闪着 美丽 光芒 每个 人 欢声笑语 房子 糙汉 温柔 情书 莫过于此 	58
15309079445	看过 最好 种族问题 电影 	28
16571857715	编剧 我会 选它 反复 拉片 教材 苦大仇深 题材 面临 桎梏 这种 温和 轻松 叙事 面前 迎刃而解 最终 落到 人物 塑造 身上 绿皮书 这方面 无疑 典范 	24
16196203654	一个 设计 精准 种族 同性恋 政治 感觉 奔 奥斯卡 评委 喜好 	31
16974990094	拍出 一种 充满 过时 感 好看 感觉 一板一眼 圆熟 工整 剧本 应该 放到 年前 请 丹泽尔 华盛顿 黑道 家族 甘多费尼来 演 消解 种族 冲突 和稀泥 结局 显得 突兀 编剧 司机 亲儿子 私人 出发点 喷白 左 视角 说 黑人 拍 种族 题材 性 少数 拍 这才 大众文化 种族隔离 	23
15387960435	本片 招安 美国 红 脖 积极意义 消除 种族歧视 遥不可及 左 大道理 人 人 之间 简单 纯真 感情 	23
16947943365	好看 密密匝匝 地铺 好多 令人 发笑 令人 哑然 呼应 细节 剧本 扎实 既有 题材 厚重 轻喜剧 诙谐 二者 调和 相得益彰 过度 夸张 在技术上 无可挑剔 演 真实 可爱 音乐 配 人 觉得 活着 真好 电影 	21
16861604172	拍得 太 丝滑 太 到位 温情 小心翼翼 炉火纯青 般的 美国 主旋律 电影 电影 奥斯卡 美国 答应 发现 阿里 黑人 角色 竞争 男配 真实 生活 中 两人 根本 朋友 一个 美国黑人 没吃过 炸鸡 同时代 黑人 流行乐 对不上 人 和歌 知道 一向如此 外国 主旋律 关 屁事 强行 搞 阶级 调和 强行 粉饰 一律 打死 渡 湖 蓝色 狗屎 	116
16939976533	知道 斯派克 李 为啥 讨厌 这部 电影 完全 黑色 党徒 对立面 同样 白人 黑人 组合 好 兄弟 模式 绿皮书 讲 两人 影响 改变 温情 故事 绝大部分 黑人 钢琴家 改变 意大利 白人 转变 忽略不计 黑色 党徒 同样 一个 想要 融入 白人 阶层 黑人 却 一点 身份 迷茫 从头到尾 性格 能力 得到 尊重 绿皮书 中 歧视 表现 呆板 直接 黑色 党徒 却 戏谑 反讽 高下 立判 绿皮书 好莱坞 流水线 作业 成功 作品 黑色 党徒 斯派克 李借 好莱坞 经典 叙事 模式 作者 化 反转 反 高潮 致敬 套路 深刻 绿皮书 中 身份 探讨 却 始终 人 隔靴搔痒 之感 只能 算是 一个 普通 公路 电影 	91
15526970953	商业 喜剧片 处理 方式 看得 挺 轻松 情节 反复 严重 人物形象 比较 浮于 表面 片名 存在 感太低 	83
16279002064	逆转 为黛西 小姐 开车 种族 身份 司机 代表 观众 视角 博士 代表 种族问题 遭受 种族 暴力 观众 产生共鸣 学会 格格不入 美国黑人 文化 建立联系 完全 取决于 身份 设定 教育 教 人们 审视 偏见 善良 治疗 良药 导演 组合 单飞 未尝 好事儿 换换 思路 	20
16923243943	一个 属于 视听 高光 今年 双雄 广告牌 对比 中 足以 说明 美国 电影 平均 水准 下滑 罗马 作者 电影 绿皮书 剧本 作者 电影 后者 形态 好 电影 越 留给 好 导演 生存空间 越 狭隘 	52
15295239873	影片 精彩 来自 两个 角色 精准 定位 全程 偏离 人设 丰满 统一 车内 车外 空间 导演 试图 无 死角 地去 呈现 种族歧视 显性 隐性 一面 主题 有点 老生常谈 视角 新意 同样 带来 生动 活泼 故事 单薄 观感 饱满 依然 觉得 饱满 背后 演员 表演 非 作品 厚度 去年 至暗 时刻 人物 关系 描摹 主题 深挖 电影 欢快 精彩 有余 力度 回响 不足 交锋 中 教授 内心 挣扎 处境 特别 具体 展开 说明 同理 各段 欺负 场景 最后 人 感到 雷同 这部 公路 片 光有 路 却 缺乏 点 递进 层次 	62
16336777602	俗套 主旋律 剧情 要说 新意 颠倒 身份 资产阶级 黑人 兄弟 下层 无产阶级 白人 兄弟 打成一片 	61
17054830645	那道 隔离墙 建在 心里 种族 生活 里 万件 需要 宽容 理解 小 事情 	16
16909617814	有钱人 听 弹琴 显得 文化 可当 台下 储藏室 吃饭 室外 搭 简易 厕所 里 方便 变回 不屑一顾 黑鬼 那才 真正 文化 所谓 上流社会 虚伪 	37
16372452694	诗人 	20
16988976223	银幕 观感 尚可 正好 属于 那种 看片 一时 爽 散场 无痕 电影 剧作 工整 平庸 套路 满满 先 刻意 强化 二元 对立 再 和稀泥 视听 语言 出彩 处 最能 打动 人心 黑人 钢琴家 黑人 农民 对视 镜头 组合 恍若 隔 万重 深渊 	50
16921242532	如果说 摘金 奇缘 香蕉 人 电影 绿皮书 黑 巧克力 外壳 白巧克力 夹心 电影 本片 骨子里 白人 眼光 审视 黑人 双男主 电影 却 只 白人 司机 角度 出发 一种 平等 态度 对比 黑色 党徒 立判 高下 工整 老套 相当 无趣 算个 合格 公路 电影 	48
16838557615	嘴炮 看着 很爽 最后 完 感动 一部 政治 正确 好 作品 	15
15536412992	種族 主義 認為 一種族 內 一成員 特定 特質 能力 據 此區分 優劣 來 當喜劇 開發 基礎 吃炸雞 聽 樂 黑人 窮 白人 富 黑人 反轉 並經 走到 一個 互相理解 所謂 希望 說 透過 電影 取暖 獲得 想像 性滿足 典型 操作 做 不算 差 政治 真的 落伍 黑人 角色 懂 為 何要 南方 若真 政治 行動 成分 如樂 手夥伴 說 畢 竟是 甘迺迪 家族 朋友 表現 廁所 嗎 他連 沒 看過 一眼 對 此議題 太 關心 懷疑 人設 頗 誇大 並非 第一次 南方 演出 南方 適用 影片 對 黑人 議題 探索 停 表面 中途 置換 成具 普世性 孤獨 逕 強 調 愛 善良 包容 聖誕節 這跟鬼島 政客 談 一味 談未來 不談過 轉型 正義 	10
16915031954	奥系 行货 套路 虽足 剧本 圆熟 得奖 元素 满满 惊喜 不够 笑 点 泪点 掐 恰到好处 一切都是 算计 正正好好 精彩 表演 这般 圆满 完成度 夫复 何求 公路 片 范式 下 救赎 平权 意识 情感 诉求 相融 甚 好 再次 证明 一部 好 喜剧片 太 需要 恰当 选角 完 疯狂 想 吃 	22
16948116085	四星 这几年来 奥斯卡 观感 最 愉悦 一部 同性恋 部分 展开 一带而过 同性恋 片中 黑人 处境 类似 努力 优秀 高人一等 换来 比较 尊严 生活 	17
15898342954	阳春白雪 下里巴人 谦谦君子 市井小民 玉树临风 大腹便便 温文尔雅 村夫俗子 所有 反义 对立 过往 黑与白 偏见 中 一抹 绿色 重破 重立 纠结 好人 坏人 非黑 人 却 长成 满口 一肚子 灰色 	25
16875642214	电影 探讨 多种 情境 下 肤色 阶级 文化 国族 定义 两位 主角 设定 超越 审美 表征 黑人 劳作 下层 黑人 登堂入室 钢琴家 肤色 为白 本来 中 具有 底层 人 凸显 意大利 裔 两位 带有 种族 特征 主人公 视角 出发 审视 肤色 白人 种种 歧视 举动 某种意义 种族 性 种族 性 发明 更是 服务 隐蔽 文化 实践 钢琴 爵士 酒吧 政治 话语 冲突 导火索 日常 运作 这部 电影 颠覆 常规 一定 程度 种族 性 问题 扩大 每个 人 点 歧视 话语 本质 拍 娴熟 生活 美好 式 结局 令人遗憾 一个 只能 美国 发生 故事 再次 美国式 多元 结局 收尾 	15
16931566144	奥斯卡 最佳影片 后 银幕 点映 故事 四平八稳 编剧 结尾 落 孤独 非 种族问题 一黑 一白 对立 和解 套路 变 孤独感 展现 比较 空泛 白人 拯救 视角 问题 抛开 问题 浪漫 喜剧 公路 片 不错 观影 全程 笑声 不断 两位 主角 可爱 结尾 阿里 说 谢谢 丈夫 旁边 腐 女生 兴奋 拍 大腿 说 稳 稳 完想 吃 提醒 帅如 阿拉贡 常吃 垃圾 食品 变成 油腻 土肥 圆 	14
16159134033	设定 不错 表演 好 行货 太 行货 行货 似乎 只 适合 做 最 基础 最 清新 最 无害 平等 教育 	29
14698783745	今年 看过 最佳 现场 观影 体验 太好了 笑声 不断 电影 结束 全体 鼓掌 	18
14679751295	节奏 欢快 公路 片 表面 装着 种族歧视 阶级 差异 种族 差异 内核 电影 笑料 不失 矛盾 突出主题 充满 温暖 感动 观众 特别 最后 圣诞节 很暖心 电影 整体 完成度 高 有点像 触 不可 剧本 好 表演 上维果 叔 贡献 大量 笑点 电影 里 不停 吃 吃 吃 阿里 叔 演技 依然 很棒 相信 能冲 最佳 男配 二人 具有 说服力 表演 共同 化学作用 塑造 人物 完善 这部 电影 今年 颁奖 季 电影 普遍 弱 这部 里面 不错 希望 多一点 奖 	15
16838784855	诙谐 幽默 方式 演绎出 种族歧视 最后 升华 	11
16922387643	感觉 为黛西 小姐 开车 紧密 程度 阿呆 阿瓜 高 法 莱利 上个 奖 人生 第一个 奖 还金 酸梅 最差 导演 这次 发挥 算 稳定 斯派克 李绝 逼气 瘫 年前 输给 黛西 年 后 输给 一个 屎尿 屁 白人 至上 导演 太 魔幻 现实 说 一件 事 当年 黛西 怎么着 男女 主双提 这次 制片 公关 愣 黑人 提男配 掐 时间 掐到 程度 电影 先笑 后泪 	42
17022307035	导演 有病 一会儿 大餐 一会儿 小餐 胡吃海喝 开车 吃 躺 吃 吃 尾 馋 死 	15
15650446265	绿皮书 好好看 精致 优雅 音乐家 粗鲁 暴力 壮 打手 设定 太 好吃 故事 太赞 最 喜欢 那种 透着 灵气 幽默 剧情片 整部 片 所有 伏笔 台词 恰到好处 包括 结尾 部分 刚刚 好 一点 拖沓 真是 优美 有趣 刻意 展现 年代 种族问题 每一处 遭遇 不便 理解 不公 歧视 聪慧 剧本 台词 完 之后 满脸 洋溢着 幸福 笑容 维果 叔 一定 男主 	18
15715848013	先 过滤 掉 种族 控诉 性 投机 好感 来自 要往 廉价 价值观 滑坡 时刻 一个 体面 人 庸常 入世 利用 权力 倾轧 获得胜利 快感 聪明 往回 拉了一把 只想 做 一个 公路 小品 无法 撼动 最后 成为 某种 圣诞 大餐 	36
16522761015	挺 好 完美 电影 现在 看到 美国 电影 里 种族 题材 有点像 中国 农村 题材 文艺作品 一个 意思 好 爱看 	14
15904018683	一些 常见 缺陷 整体 工整 美式 剧情片 下来 好感 友情 部分 精彩 转回 种族 阶级 描绘 变得 自我 封闭 抛开 两位 主角 塑造 依旧 白人 视角 黑人 群体 进行 猎奇 遐想 剥削 电影 	26
16956361153	世上 害怕 主动 迈出 第一步 孤独 人 勇敢 走 新天地 	28
16990512173	刻奇 影片 像是 集中 所有 电影 里 舒服 元素 舒服 全片 绝无 冒犯 地方 设计 冲突 安全 短暂 如你所愿 工整 圆满 发腻 发 齁 触不可及 中 上流社会 消解 两个 男主 对撞 交融 中 充满 魅力 表演 精心 铺陈 笑 点 本片 远远 不及 电影 能得 奥斯卡 几年 奥斯卡 年 年 小年 	32
1699791675-	说 不好 完 回想 一下 有种 春晚 小品 之感 	26
16482819793	表演 真棒 	22
1673730338-	年 奥斯卡 颁奖典礼 决定 重要 摄影 剪辑 奖 放在 广告 时间 播出 腾出来 时间 邀请 一位 举足轻重 黑人 大师 现场 演奏 钢琴 晚宴 之前 看门 意大利 佬 保安 弹琴 黑 猴子 中国剧院 扔出去 	17
16532571793	年度 最佳 原创 电影 打着 爱 平权 口号 跨 种族 罗 曼斯 一头 优雅 忧郁 黑豹 爱上 一条 爱 吃 垃圾 食品 意大利 哈士奇 块钱 驯养 一个 人皇 小姐 流氓 傲慢 偏见 主题 公路 之旅 鸣谢 施坦威 钢琴 全家 桶 	35
16937684943	最 三星 完全 意料之中 类似 这种 阳光 小美女 杯酒 人生 过去 只能 陪 跑 现在 美国 电影 整体 创造力 真是 下降 得太快 一个 颇为 惊讶 本片 导演 知道 哥们 当年 美国 王晶 兄弟 一起 专门 捣鼓 屎尿 屁 米 兔 岁月 里 喜欢 女演员 露 下体 背着 前科 拍 部 迥异 当年 风格 政治 正确 片 相对 已经 比较 正确 岑建勋 演了 主旋律 震撼 	17
16929903083	类型 印记 鲜明 偏 负面 预期 下 却 几个 有趣 变奏 点 维修工 喝过 杯子 扔 桶 里 雇主 亮相 那一刻 异样 反应 意裔 传统 恋家 爱妻 男 看到 警察局 双裸 一幕 时 异样 反应 这辈子 混 纽约 夜店 知道 世界 复杂 相 钢琴家 那条 线上 亮点 导演 同样 采用 隐藏 动机 阶段性 释放 信息 显然 最后 给出 答案 趋于 预期 种歧 俗套 故事 角色 新鲜感 不及 司机 	24
14700454473	低于 预期 结尾 友情 感动 剧本 打磨 精细 一些 中间 旅行 过程 整体 平庸 无 甚 亮点 自然 凸显 最终 两个 人 战胜 困难 认可 接受 对方 可贵 很大 程度 以人 带戏 发现 宝藏 演员 莫腾森 说 想 这位 演 阿拉贡 借助 角色 好 打破 窠臼 应该 颁奖 季 最具 话题 性 演员 	19
16949325851	撞车 以来 最差 奥斯卡 最佳影片 部 最 坏 奥斯卡 最佳影片 	29
16988958624	舒服 工整 透出 真诚 片子 理解 斯派克 李 本片 讨厌 改变 影片 剧作 叙事 配乐 表演 方面 优秀 愿意 本片 看作 一部 重点 放在 友谊 商业 轻喜剧 黑与白 直 弯 高雅 粗俗 富有 贫穷 一段 动人 友谊 包装 好 圣诞节 电影 不看 真的 可惜 	14
16322291994	又名 民考汉 苦 乐 	11
16937074153	奇特 福音 电影 从瓦坎 达式 宫殿 引出 走 一趟 凡俗 之旅 与其说 一路上 对抗 歧视 社会 不公 治疗 傲慢 孤独 酗酒 通奸 类 希腊 神 描绘 混合 崇敬 剥削 对话 有趣 说 封面 一群 恶魔 说 一群 孩子 是从 神话 系统 过渡 犹太教 基督教 系统 关键人物 一个 笃信 人 看着 好笑 神 胡作非为 身上 汲取 文学 养分 文学 	19
17019868943	刚看 完 绿皮书 几个 细节 有意思 第一点 司机 意大利 裔 姓 瓦莱 隆加 判定 祖上 南部 意大利 移民 美国 穷苦 农民 出身 再 经历 应该 黑手党 待过 别忘了 雨中 打时 有人 称呼 半个 黑人 第二点 男主 面试 司机 时 刚有 一个 人 面试 失败 面相 人 亚裔 第三点 音乐家 列宁格勒 音乐学院 毕业 当时 年 我查 一下 历史 原型 果不其然 岁 学习 理解 说出 不够 黑 不够 讲 手打 微笑 脸 	11
17037795194	且不说 片子 拍得 多平 完 之后 一个 有意思 镜头 记不住 单说 讲 事情 搞了半天 最后 俩 弱势群体 抱团 取暖 游历 一圈 之后 真正 改变 他俩 南方 白人 不动 如山 所有 话 说 模棱两可 同性恋 不敢 提 不敢 提 干 时代 语境 来说 太过 含糊 一点 拿个 表演奖 一点 意见 最佳影片 实在 当不起 	13
16913639784	近十年 最好 奥斯卡 最佳影片 期望 电影 中 看到 真正 社会性 不切实际 奥斯卡 式 剧作 人物 虚假 单一 面向 缺少 多样性 创作 姿态 天 真的 任由 人物 弧光 博爱 包裹 角色 发展 由此 生成 情感 愈发 简单 强烈 观众 观看 体验 来自 一套 抽象 角力 系统 肤色 身份 用以 提供 力量 初始 设定 正是 这种 塞入 再 刻板 俗套 亦 主体 产生 破坏性 创作 模式 使法 雷利 兄弟 能够 真正 代表 斯皮尔伯格 一系 最 主流 作者 一面 利用 最 低劣 剧作 表象 完成 冲奥 另一面 却 无比 接近 通俗 真挚 美国 电影 本质 别忘了 呈现 真善美 幻象 正是 美国 梦 追求 世界 最 强大 国家 立国之本 	10
15615626925	有个 行内 朋友 提前 说 公映 版本 应该 删减 短 影响 剧情 最近 也许 登上 银幕 电影 种种 手法 偷换 剪短 体制 好人 也许 不好 止步 好 完整性 问题 那晚 遭遇 无法 披上 双重 边缘 身份 枷锁 孑然一身 背景 虚化 执意 自尊 自重 行走 偏见 满地 世道 少 一重 深远 意义 喜欢 两个 人 这趟 格格不入 却 惺惺相惜 旅程 预设 固执 却 只 停留 潜移默化 共鸣 点到 即止 欣喜 由始至终 勇气 显得 动人 所处 环境 某种意义 年 美国 南部 真 希望 天赋 勇敢 四星 	12
17005004813	表演 真的 很强 视角 看得 如坐针毡 翻译 实在 大型 灾难 	8
17007636534	互补 人 人 相处 中 重要 一环 无论是 朋友 恋人 同性 异性 两个 互补 人 总能 擦 火花 托尼 唐 外 完全 人 优点 缺点 能够 互补 能够 抛开 偏见 成为 一生 挚友 打下 基础 片子 一次 有趣 文化 输出 简单 政治 正确 片中 人权 平等 主题 探讨 很能 引起共鸣 确实 近几年 最为 亲民 奥斯卡 全场 观众 爆笑 不断 证明 一点 整体 无论是 节奏 转场 情节 设置 内核 表达 标准 整齐 标准 流俗 最 俗 情感 输出 往往 最 动人 看着 两位 挚友 爱 互动 确实 忍不住 鼻头 一酸 感动 真的 重要 最 打动 两位 尊重 黑人 白人 警察 肯德基 或成 最大 赢家 	8
16307152175	总统 朋友 说 问 国家 做 问问 做 现在 做个 无名小卒 花 时间 沉浸 电影 音乐 世界 里 拥有 幸福快乐 有时 希望 影响力 国家 全世界 和谐 美好 贡献 一份 力量 老婆 买 一张 唱片 那张 孤儿 封面 一大帮 孩子 围坐在 篝火 俄耳甫斯 封面 小孩子 地狱 里 魔鬼 为黛西 小姐 开车 触 不可 结合 之感 有时 觉得 电影 部分 情节 三块 广告牌 讲文明 讲礼貌 看到 诸如 倒车 回去 捡 随手 乱 丢 可乐 杯 觉得 好 正 能量 最后 爵士 演奏 联想 爱乐 城 维基百科 说 传言 说 出柜 奥斯卡 顺利 	7
16925612062	看似 种族 和解 其乐融融 本质 依然 白人 视角 政治 正确 一个 白人 混 社会 打群架 收入 低 文化 却 放下 身段 黑人 开车 是不是 牛 逼 不该 奖 阿里 演 确实 好 倔强 孤独 眼神 每次 演奏 结束 憨傻 快乐 一笑 令人 莞尔 	12
16916186704	旅行 公路 片 最 容易 陷入 虚无 乏味 这一 类型 中 正确 建立 人物 关系 发展 脉络 尤为重要 这方面 绿皮书 做 不错 歧视 服从 认可 矛盾 理解 深入 南方 巡演 城市 一个个 抛出 小高潮 司机 老板 哀其 不幸 黑人 白人 怒 不争 最终 阶层 族群 完美 共度 圣诞 好时光 缺陷 在于 意大利 司机 黑 社会关系 那条 线 实在 多余 至少 冗长 似 好人 觉醒 积蓄 阻挠 力量 却 最终 消失 莫名其妙 每个 人 多面性 好人 坏人 想 看到 深 南方 白人 年代 尴尬 处境 纠结 心理 迄今 却 一部 电影 作品 给予 呈现 	10
16965375084	无论如何 之前 两年 奥斯卡 最佳 水准 正常 奥斯卡 真是 钟情 开车 开 出租车 例外 	10
16063899861	预期 电影 完 观点 改变 最后 场 演不演 决定权 男主 看得 真是 好 神烦 角色 一直 命令 维果 角色 做个 文明 人 玩得 充满 歧视 偏见 包容 实在 太 可怕 一直 打着 宣传 	14
16992822412	充满 目的性 最大 问题 最大 问题 乏味 生气 可言 相信 黑人 美国 受到 歧视 司机 所说 世界 复杂 远比 愚蠢 电影 复杂 两位 男演员 演得 挺 好 女主 	9
16162991613	很棒 电影 勉强 三星 年代 式 高效 叙事 怎样才能 屏蔽掉 瓣 碍眼 精神 左 短评 	12
16378636592	一个 首批 成为 列宁格勒 音乐学院 学生 黑人 不谙 世故 温室花朵 揍 警察 再 电话 州长 帮子 警察 永远 憎恨 黑人 过瘾 一家子 蠢萌 意大利人 写成 情商 超高 共情 能力 超强 一秒 变 天使 以为 看不出 打肿脸充 政治 正确 	12
16996922045	黑与白 冷 暖 贫穷 富有 高贵 低贱 优雅 粗鲁 勇敢 懦弱 热闹 孤独 好 一出 对称 喜剧 	12
16027333585	满分 作文 找不出 缺陷 这片 意大利 男人 宣传片 顾家 工资 全数 老婆 出差 写信 啧啧 啧 	11
16924684145	剧情 高分 演员 高分 还原 当时 年代 器乐 音色 高分 时代 真实感 高分 人 喷 直面 种族歧视 作品 强行 政治 正确 这帮 人 逻辑 零分 	9
16593082795	很穷 黑人 伟大 人 孤独 肤色 定义 孤独 	9
17015119584	车上 吃 肯德基 窗外 扔 炸鸡 骨头 可乐 杯 一段 忍不住 爆笑 两人 演绎 太 有趣 太 传神 剧情片 真心 好看 有没有 深度 回事 值不值得 得奖 各花入 各眼 觉得 节奏 流畅 人物 传神 剧本 精彩 作品 不容 小觑 	11
17096223985	老妈 老妈 完 赞不绝口 好看 电影 好看 至少 说 十几遍 外国 找 普通人 演 电影 牢 真实 说 黑人 两届 影帝 老妈 说 伊演 好额 一会 意犹未尽 地说 电影 看好 心里 适意 想 再 看一遍 	9
16374614075	编剧 水平 高 核心 事件 却 有着 绵密 自然 戏剧 冲突 故事 节奏 人物 塑造 演员 表演 水平 高 主题 浅显 浅薄 风格 轻松 轻浮 心目 中 完美 电影 可爱 	12
15747405804	今年 美片 最佳 传统 叙事 魅力 一览无余 一个 白人 异性恋 视角 理解 一个 黑人 同性恋 阿里 那句 尊严 暴力 有用 温柔 讲述 激烈 控诉 力量 世界 孤独 人 没有勇气 迈出 第一步 最好 友谊 变成 更好 人 	11
16766585895	说 政治 正确 太 低估 这部 电影 剧情 意料之中 过程 实在 舒心 温馨 莫滕森 阿里 两个 人 莫名 特别 搭 公路 喜剧片 壳 讲述 种族 尊严 核 时而 心酸 时而 温暖 节奏 张弛 有度 情绪 恰到好处 大赞 	10
17073410133	自以为是 种族 和解 	9
16080449464	公式 电影 题材 作弊 作弊 	6
16988579035	種族 歧視 對 誰 來 說 輕 鬆 愉 悅 話 題 當然 黨 電影並 沒有 苦大仇深 控訴 種族 歧視 一種 近似 黑色幽默 方式 訴說 男主 遇到 種種 公正 待遇 貨不對 板 垃圾 鋼琴 讓 人 室 內 如廁 白人 一同 進餐 倒 覺得 說 托尼並 突然 良心 發現 主要 還是 糖 雪梨 受過 高等教育 人 舉手 投足 之間 透著 一股 優雅感 氣質 完全 天地 裡勞作 裡瞎晃 都市 貧民 迥異 當然 對 於 糖 雪梨 來 說 也許 一種 詛咒 造成 無法 歸類 白化 黑人 還是 膚色 過深 白人 不僅僅 種族 歧視 一直 存在 交流 一種 磨合 分歧 有效 手段 可惜 人們 往往 只 喜歡 指責 謾 罵 人能 退一步 	6
16972219621	这种 种族 大团结 美式 主旋律 温情 弱智 片 一天 地球 消失 地球 好 	12
17029913073	黑白 阶层 身份 颠倒 种族 同性 非暴力 一个 电影 左派 议题 囊括 确实 有点 太功利 却 惹急 左 黑 左 种族 阶级 调和 论调 极左 无所不在 斗争 意识 完全 背道而驰 当年 喵 喵 痛恨 武训 左斗们 讨厌 绿皮书 是不是 国际 精神 喵 粉 看看 本片 批判 知道 	7
14682710245	一气呵成 喜剧 	8
17085225305	不够 不够 黑 不够 男人 暴雨 中 感觉 脸上 炙热 泪 爆裂 有声 想 十颗 星 	9
16914255564	表演 台词 到位 喜剧 正剧 成功 一大半 这部 片 白人 视角 工整 平稳 出错 偶有 惊喜 颁奖 季 量身 打造 影响 动人 一个 闪光 人物 一个 好 故事 多余 	8
16921593753	谢利 先生 开车 最后 一幕 实在 人 倒胃口 值个 四星 表演 有点 早年 暴力 史 东方 承诺 范儿 突破 不算 阿里 最后 撅 屁股 弹奏 肖邦 高潮 戏 证明 片中 角色 谢谢 分享 老公 湾 湾 合法化 院线 版 同性恋 那段 删 	12
17075439324	年度 治愈 片 阿里 演 唐 角色 美的 人 心醉 最高级 美 一种 克刻 黑 男人 说 导演 兴趣 根本 探讨 种族歧视 问题 纠结 政治 正确 格局 太小 电影 真正 想 说 自由 人 应该 释然 自由 	4
1702412674-	以为 编 回来 一查 真的 俄罗斯 长大 黑人 博士 人 想 做 事情 锻炼 一些 踩 点 弄 剧本 弄 用力 过猛 炸鸡 真香 威士忌 真 好喝 一起 过年 爱情故事 鸭 	9
17079234295	最 感动 两个 地方 一是 拒绝 演出 小酒馆 里 饭后 施坦威 钢琴 弹奏 那首 震撼 像是 敲击 进 心里 二是 最后 换下 衣服 走出 宛如 陈列馆 城堡 家过 圣诞节 迈出 	8
14699367944	选择 最佳 剧情片 反映 种族 阶层 这种 严肃 话题 全片 笑料 不断 温馨 感人 一部 不错 贺岁片 应该 圣诞 前会 上映 	9
16001841015	规整 温情 轻喜剧 不像 宣传 神片 太好了 满分 小 细节 逗 一个 吃货 老婆 写 情书 一定 写 封信 正在 吃 汉堡 牛排 这句 话 吃 欢 完 电影 买 两个 面包 可爱 	5
16010403164	三星 南方 公路 版 猜猜 吃 晚餐 主仆 置换 版 为黛西 小姐 开车 再 掺点 稻草人 里 同性 友情 斯派克 李 电影 中 爵士 味 上个世纪 美国 片 老派 风韵 可惜 真实 故事 借势 向同 类型 题材 取经 外 看到 导演 环节 这部 更好 影片 带来 两位 主角 表演 提气 维果 莫腾森 折腾 身材 真是 令人 肃然起敬 	11
14699136664	套路 剧情 猜 所有 剧情 点 导演 时空 上用 领先 观众 手法 塞满 细节 观众 无法 得知 到达 终点 一个 真正 好 剧本 遇到 一群 好 演员 成就 迸发出 耀眼 光芒 	11
16225403364	工整 颁奖 季 作品 各类 竞标 元素 玩 炉火纯青 政治 正确 耳提面命 强行 灌输 秉持着 平和 心态 善良 本心 痴迷 冰冷 技术指标 创作 投机倒把 回归 影像 里 真实 真实 事件 两个 人物 关系 肤色 阶层 性格 性取向 天差地别 轻松 表象 下 尖锐 种族 矛盾 取巧 片中 无处不在 优雅 影响 观者 矜持 态度 包括 方面 冲突 过程 中 迸发 荒唐事 最终 二人 相处 过程 中 谅解 推倒 心中 面墙 开门见山 体面 人 庸常 入世 利用 权利 倾轧 得来 快感 导演 一并 世俗 廉价 价值观 双双 滑坡 套路 干净 中庸 局面 好 控制 细节 处理 动人 反讽 救赎 简单 温馨 电影 拍出 最 美好 文明 进化 过程 	8
16887541225	剧本 太 工整 节奏 准确 卡 节拍器 惊喜 好看 角色 出彩 底层 白人 上流 黑人 组合 很棒 种族问题 讨论 流 浅表 政治 正确 范畴 非黑 深入 一个 灰色 地带 看到 花絮 知道 真实 故事 改编 瞬间 感到 好 温暖 治愈 	10
15714517055	类型 片里 成之作 一个 题材 拍 拍 只 剩 套路 政治 意义 真到 飙 演技 关头 深入 电影 艺术 内核 欢声笑语 亦 直 叩 人心 当年 男神 阿拉贡 吃 成 	5
16925949075	真人真事 改编 有意思 黑人 高雅 严肃 略带 一点 古板 凡事 讲求 原则 方式 抗争 白人 举止轻浮 体壮 如牛 粗中有细 有点 打抱不平 最终 变得 有勇有谋 古典派 黑人 终于 放下 通俗 流行音乐 抗拒 演奏 一段 其乐融融 电影 不够 震撼 心灵 深度 尚有 看着 有趣 里面 音乐 好听 	5
16851872484	陈词滥调 写得 不让 人 生厌 容易 表演 真的 挺 好 	8
15496694485	种族歧视 主题 总是 双刃剑 好 这部 选对 角色 选对 剧情 选对 冲突 	5
16363560374	颁奖 季 音乐 搞笑 处理 好 	3
16928409164	影片 一句 台词 概括 挺 好 片子 想 轻松 令人 唏嘘 现在 全世界 不敢 歧视 黑人 亚洲 人 处在 歧视 链 底端 	10
16975268054	最后 耳语 谢谢 帮 写信 好比 烧水 沸点 果子 红透 看得人 暖化 	10
16862073144	看作 調轉 身份 觸 不可 粗鄙 白人 高雅 黑人 顛覆 既定 印象 反差 製 造 有趣 戲劇 效果 喜歡 這部 電影 地方 於 追求 政治 正確 擁有 一份 真 誠 自省 精神 且勇 於 正視 兩方 偏見 接受 並學習 改變 溫暖 之外 一部 我覺 今屆 奧斯卡 提名 中可觀 佳作 沒辦法 今年 奧斯卡實 太 平庸 之作 	6
16942819094	大自然 真的 他們 說 一樣 美麗 請 注意 黑人 從耶穌 般 形象 變為 普通人 從 托尼看 見 裸體 開始 道理 飲食 男女 大姐 類似 身體 先 於 意識 人 本質 秘密 	9
16984410414	皮革业 老师 说 太 这部 电影 完全 年代 电影 感觉 工整 每个 地方 点 每个 铺垫 小 细节 后面 呼应 回想起来 这种 拍法 一些 挺 受用 设计 好 泪点 真的 挺 视角 有人 说 片白 左 这片 传统 难怪会 奥斯卡奖 	7
16427767854	肤色 问题 电影 角度 写 展现 新意 维果 莫滕森 表现 好 	5
16906719723	真是 完全 演员 支撑 片子 平庸 不可思议 表演 故事 份儿 狠 下手 两星 	9
15267734044	奥斯卡 必然 一个 位置 片子 	1200
17147091185	像是 肤色 转版 触不可及 为黛西小姐开车 影片 一是 人物 交待 漂亮 二是 分段 做得好 一个 地方 一个 故事 一场 演出 唐 换 一种 情绪 男 男主角 关系 进 一层 肤色 对调 之后 高高在上 白人 星期五 做 朋友 更显 包容 高贵 老套路 身处 上层 阶级 唐越 往南 越 依靠 下层 阶级 托尼 越 显出 悲苦 无奈 后者 快活 肤色 性取向 越见 社会 中 偏见 歧视 越见 刺痛 	5
16872953364	衣着 华贵 音乐大师 却 总 舞台 以外 受尽 屈辱 讽刺 慵懒 粗俗 私人 助理 却 总 茶余饭后 写出 深情 文字 旅途 中 险象环生 剧场 歌舞升平 众目 之下 百般 责难 冷雨 之中 热泪 纵横 从来不 懂 那种 黑 不愿 拥抱 这种 来自 外界 偏见 忍耐 源于 内心 尊重 无法 收买 歧视 未来 	10
17112513133	奥斯卡 提不起 兴趣 黑人 受 歧视 题材 公路 片 高雅 严肃 黑人 钢琴家 遇上 暴躁 贪吃 话 唠 粗俗 白人 司机 故事 一路上 黑人 钢琴家 受到 歧视 住 特定 宾馆 禁止 进入 白人 餐厅 用餐 禁止 白人 厕所 禁止 高档 西装店 试 衣服 酒馆 白人 欺凌 黑人 同胞 嘲讽 白人 条子 粗暴 对待 黑人 有钱 门路 两次 被捕 很快 放 普通 底层 黑人 境遇 区别 司机 乘客 习惯 理解 渐渐 磨合 最终 成为 朋友 个人感觉 触不可及 太大 触动 整体 情节 比较 老套 奥奖 赶上 好 	2
14766311405	真 好看 触不可及 颠倒 版 巧妙 设置 种族 议题 喜欢 尤其 感触 公路 停下来 修车 看着 田里 劳作 黑人 黑人 看着 白人 服务 一句 台词 眼泪 下来 感觉 世界 最 遥远 距离 	6
17018646104	观影 感受 不错 感觉 圣诞 贺岁片 爱上你 做 最 简单 事 过桥 多款 老爷车 想 这桥 两头 是不是 还要 封路 知道 车 特效 差距 在于 前戏 铺 足 恨不得 直奔 主题 	2
17019738174	黑白 配 喜剧 登堂入室 奥斯卡 	3
16306881344	种族 历史 文化 艺术 家庭 宏大 命题 一次 过用 轻松 欢乐 通俗 贴 方式 统统 道 电影 这种 东西 是不是 厉害 	5
16990764374	巧妙 片子 巧妙 觉得 有点 整体 有趣 两位 演员 表演 无可挑剔 	7
16865512244	电影 矛盾 点 种族 阶层 个体 族群 司机 以为 种族歧视 白人 琴师 以为 下层 粗鄙 黑人 实际上 自知 优越感 刻板 化地 判断 对方 剧本 人物 身上 完成 两次 弧光 个体 认同 走廊 小 分别 对方 族群 属性 理解 司机 支持 琴师 拒演 电影 纯当 种族 片 应该 挺 没意思 	6
16914317574	淡淡的 炸鸡 味 	7
16249299255	略显 轻飘 剧作 表演 太 厉害 一点 挠 恰到好处 看得人 无比 舒服 	7
17058373464	不愧 屎尿 屁 出身 拍 最好 喜剧 桥段 人设 特别 底层 白人 精英 黑人 显然 电影 种族 政治 问题 讨论 欲 最后 普通 公路 友谊 故事 难免 有点 投机取巧 嫌疑 	5
1691497478-	阿拉贡 老师 演 大梨裔 大叔 吃播 深深 感染 吃 肯德基 实物 片中 吃 香 所言 阿里 老师 特别 大肚腩 维果 老师 挺 套路 挺 俗气 格局 太白 人 两个 男主角 值得 方面 细节 挺 细腻 钢琴家 每天 一瓶 威士忌 太扯 	6
16387825844	去年 讲 黑人 精英 阶层 种族隔离 年代 遭遇 遗憾 故事 挖深 地方 钢琴家 族群 认知 浅尝辄止 	10
14682875425	有點 今年 陽光 小美女 味道 劇本 扎 實且 流暢 溫情 十足 諷刺 十足 不經 意間 帶來 會心 一笑 細節 之處 淚點 滿滿 	9
17341522643	白人 司机 服侍 唐 谢利 隔离 州 黑人 农夫 对视 这般 极具 力量感 画面 整体 腻 牙疼 	4
17001439304	真想 收到 沾 炸鸡 油渍 情书 	10
16345146493	一个 喝啤酒 撸 串 不吃 杀猪 菜 听 二人转 东北 人 艺术家 北上 广深 人 普及 高雅 音乐 路程 剧情 工整 种族 阶层 历史 社会 笑泪 体制 统统 囊 获 开车 黑 开车 回 白从 抗争 忍耐 黑 忍耐 抗争 学会 写信 黑 学会 流俗 石头 警察 钢琴 音乐 家庭 起到 应有 剧作 作用 好 在于 太 用力 处理 历史 背景 下 冲突 一切都在 默默 发生 改变 前面 比喻 应该 不太 合适 世界 太 孤独 人 害怕 先 踏出 第一步 	9
17208824824	好 故事 好 演员 故事 铺设 情节 发展 挑不出 问题 各项 指标 教科书 级别 阿呆 阿瓜 导演 彼得 法雷里 拍 这片 太 拿手 总是 感觉 电影 太 工整 故事 内容 高级 版 人 囧 途 两位 主角 关系 落难 真情 强调 社会 阶级 圈子 差异 最终 相互 融合 相互促进 友情 尤其 结尾 本片 改变 年代 融入 种族 文化 搭上 环境 顺风 车 好 片子 强 最 喜欢 一处 细节 拔枪 呼应 人生 知己 炸鸡 黑人 来说 种族歧视 含义 	8
16985356844	每年 工整 匠气 聚焦 种族 关系 颁奖 季 特供 电影 模糊 归类 相助 隐藏人物 白宫 管家 粉饰 沉重 历史 自我 感动 价值观 模糊 事实 刻意 美化 角色 事件 服务 情感 渲染 鞭挞 挑剔 泛滥 出现 电影 这一 总 遗忘 基本功能 一出 驾出 友共情 旅程 市井气 大舌头 学会 妙笔生花 旅途 中 落成 莎士比亚 高贵 冷漠 包装 内心 孤苦 吃 炸鸡 学会 街头 智慧 足以 了解 多一点 需要 尖锐 犀利 表达 时刻 自省 不用 忘记 苦难 现实 太 糟糕 只好 选择 故事 里 靠着 笑话 能够 躲 短暂 忘记 一种 正确 心中 自有 定断 好 	11
16993236035	感想 陈旧 主义 鸡汤 话 想 几句话 站 一站 确实 两位 主角 太 符合 一方 观众 理解 非 设定 泛滥 正确 一方 非 太 正确 认为 反常 有点 讽刺 想 表达 沉重 东西 更广 人群 接受 喜剧 拍 一边 笑 一边 觉得 这本 应该 笑 笑 点 觉得 厉害 	1
15078849475	几个 细节 触动 人心 一是 黑人 钢琴家 路边 看着 劳作 肤色 人群 内心 煎熬 隐隐 傲慢 全在 眼神 里 二是 二人 第二次 警察 拦下 原因 却 车胎 坏 一瞬 暖意 脚底 蔓延 人类 文明 历程 一蹴而就 这部 电影 拍出 最 美好 进化 过程 	8
16269733644	黑与白 雅与俗 世人 刻板 固有 形象 身份 调转 还加 插 阶级 同性 两面 对立 设定 两人 身上 捆绑 一起 一个 无形 困局 里面 调和 渗透 淡化 控诉 直到 最后 相互 感染 达到 平衡 这是 美国 民族 融合 一个 缩影 剧本 一大堆 菜 一锅端 捞 却 一件 一件 完整无缺 剧本 编排 方面 技巧 实在 出彩 政治 正确 观影 过后 自觉 	7
17001432304	朋友 兄弟 	4000
17031432304	剧本 扎实 细节 充实 表演 到位 温暖 	6200
17031482304	总 有 个 孤独 的 灵魂 要 迈出 第一步 温暖 的 圣诞 颂歌 	6200